683108273554386944,1/1/16,Cupcake #365daydraw https://t.co/PfYlBXA6S7,https://twitter.com/scottpdawson/status/683108273554386944/photo/1,
683316496408383488,1/2/16,Time Fries. Wordplay amidst boredom in the ski lodge. #365daydraw https://t.co/aQkaPyFnat,https://twitter.com/scottpdawson/status/683316496408383488/photo/1,
683733874472562689,1/3/16,Waiting for Snow #365daydraw https://t.co/UepkfvECyU,https://twitter.com/scottpdawson/status/683733874472562689/photo/1,
684132606682730496,1/4/16,Shovels at rest #365daydraw https://t.co/0NJ3VOvwt0,https://twitter.com/scottpdawson/status/684132606682730496/photo/1,
684535638813728768,1/5/16,Carrot soup #365daydraw https://t.co/6nJWW7I1xr,https://twitter.com/scottpdawson/status/684535638813728768/photo/1,
684757830763675648,1/6/16,Geometrical #365daydraw https://t.co/D3CQHr9daQ,https://twitter.com/scottpdawson/status/684757830763675648/photo/1,
685226426329608192,1/7/16,You might characterize this sketch as a ... #365daydraw https://t.co/Z16cD5yfF8,https://twitter.com/scottpdawson/status/685226426329608192/photo/1,
685602585991065601,1/8/16,Endless swim lane at sunset #365daydraw https://t.co/JtLY318rdf,https://twitter.com/scottpdawson/status/685602585991065601/photo/1,
685901359758077953,1/9/16,The journey #365daydraw https://t.co/2rL9AuYFUt,https://twitter.com/scottpdawson/status/685901359758077953/photo/1,
686222552432308224,1/10/16,Cross #365daydraw https://t.co/F1TJmTxeOi,https://twitter.com/scottpdawson/status/686222552432308224/photo/1,
686734741098356738,1/11/16,A problem easily solved #365daydraw https://t.co/xv3BkoZOwO,https://twitter.com/scottpdawson/status/686734741098356738/photo/1,
687074940055584768,1/12/16,"An alarming bite, it was #365daydraw https://t.co/u9ADBMl29w",https://twitter.com/scottpdawson/status/687074940055584768/photo/1,
687444661745664001,1/13/16,Branches #365daydraw https://t.co/MC8FGAWGzM,https://twitter.com/scottpdawson/status/687444661745664001/photo/1,
687757131886497792,1/14/16,"Checkbox, adorned #365daydraw https://t.co/4dpIKwGOLB",https://twitter.com/scottpdawson/status/687757131886497792/photo/1,
688016296697565185,1/15/16,Can you see like I can see? #365daydraw https://t.co/ZQmW9Q51iC,https://twitter.com/scottpdawson/status/688016296697565185/photo/1,
688465299977408512,1/16/16,Shape storm #365daydraw https://t.co/whavxiBUb3,https://twitter.com/scottpdawson/status/688465299977408512/photo/1,
688892053938397184,1/17/16,Willpower levels declining #365daydraw https://t.co/lzjfuVV0eS,https://twitter.com/scottpdawson/status/688892053938397184/photo/1,
689210659695890433,1/18/16,Snow machine #365daydraw https://t.co/pEpcRYoWGn,https://twitter.com/scottpdawson/status/689210659695890433/photo/1,
689571359660326914,1/19/16,"Ladder, just behind fire and the wheel, invention-wise #365daydraw https://t.co/6caxJXhRCt",https://twitter.com/scottpdawson/status/689571359660326914/photo/1,
689855750617841664,1/20/16,Funky glasses #365daydraw https://t.co/SkxEPG9QMP,https://twitter.com/scottpdawson/status/689855750617841664/photo/1,
690245427501875200,1/21/16,Footstep #365daydraw https://t.co/aMoPsRglv4,https://twitter.com/scottpdawson/status/690245427501875200/photo/1,
690554090313682944,1/22/16,Skewered #365daydraw https://t.co/NekEAuRUZW,https://twitter.com/scottpdawson/status/690554090313682944/photo/1,
691061346058788864,1/23/16,Let's get 3 more pucks past Harvard's sieve tonight! #LGR @CUBigRedHockey #365daydraw https://t.co/FW22tPaNqp,https://twitter.com/scottpdawson/status/691061346058788864/photo/1,
691322359853219841,1/24/16,Slalom #365daydraw https://t.co/C5z5Oq1szh,https://twitter.com/scottpdawson/status/691322359853219841/photo/1,
691726315372830720,1/25/16,Connections of the Electrified Heart #365daydraw https://t.co/x7qCtijFDQ,https://twitter.com/scottpdawson/status/691726315372830720/photo/1,
692149727421423616,1/26/16,Avocado spaceship from the guacamole nebula #365daydraw https://t.co/GhymuhtW97,https://twitter.com/scottpdawson/status/692149727421423616/photo/1,
692494607087722497,1/27/16,Noise-canceling headphones FTW #365daydraw https://t.co/3KFRe2I3Tp,https://twitter.com/scottpdawson/status/692494607087722497/photo/1,
692879061945683968,1/28/16,"Living in a van, down by the river #365daydraw https://t.co/7i0kZbkCYR",https://twitter.com/scottpdawson/status/692879061945683968/photo/1,
693138002705522688,1/29/16,Amazing #365daydraw https://t.co/Gb0iwQfngW,https://twitter.com/scottpdawson/status/693138002705522688/photo/1,
693435782305026048,1/30/16,Give 'em the boot #365daydraw https://t.co/Gs9wW1SDpN,https://twitter.com/scottpdawson/status/693435782305026048/photo/1,
693864415284830208,1/31/16,Rocket (man) #365daydraw https://t.co/rIkaEhXdDW,https://twitter.com/scottpdawson/status/693864415284830208/photo/1,
694235458214174720,2/1/16,Is that a potted plant on your head? #365daydraw https://t.co/DilFUP94Yv,https://twitter.com/scottpdawson/status/694235458214174720/photo/1,
694645958471192577,2/2/16,Sometimes life calls for a little juggling #365daydraw https://t.co/gPbVytou6L,https://twitter.com/scottpdawson/status/694645958471192577/photo/1,
694944652458336256,2/3/16,Treadmillin' #365daydraw https://t.co/g5mqFmykdP,https://twitter.com/scottpdawson/status/694944652458336256/photo/1,
695331575332909056,2/4/16,What is the data telling you? #365DayDraw https://t.co/UxKsLD33Ib,https://twitter.com/scottpdawson/status/695331575332909056/photo/1,
695713700720693248,2/5/16,"Rest in peace, indeed #365daydraw https://t.co/iJ83mp8UjK",https://twitter.com/scottpdawson/status/695713700720693248/photo/1,
696095097864065024,2/6/16,"But, is anyone listening? #365DayDraw https://t.co/l4Yu91AF3h",https://twitter.com/scottpdawson/status/696095097864065024/photo/1,
696359490120261632,2/7/16,"I drew a bowl. It is fancy. Some might say, super fancy. It's a super bowl. #SuperBowl #365daydraw https://t.co/yXEKd0AheI",https://twitter.com/scottpdawson/status/696359490120261632/photo/1,
696817880189399040,2/8/16,"Tank is full, cap'n #365daydraw https://t.co/irGrwgg4uf",https://twitter.com/scottpdawson/status/696817880189399040/photo/1,
697184272994721792,2/9/16,How far can you see now? #365daydraw https://t.co/qdTzJAOqTg,https://twitter.com/scottpdawson/status/697184272994721792/photo/1,
697503308295102464,2/10/16,Something fishy #365daydraw https://t.co/LQ4GDgVaDx,https://twitter.com/scottpdawson/status/697503308295102464/photo/1,
697904371766583296,2/11/16,Mercury freezes at -38.83 degrees Celsius. Totally random thought.#365daydraw https://t.co/kFnTo9avi7,https://twitter.com/scottpdawson/status/697904371766583296/photo/1,
698315787619053568,2/12/16,"'Cause baby, you're a firework #365daydraw https://t.co/OUpDJMYHA4",https://twitter.com/scottpdawson/status/698315787619053568/photo/1,
698644339778453504,2/13/16,Blooming #365daydraw https://t.co/AaaIuGo9lB,https://twitter.com/scottpdawson/status/698644339778453504/photo/1,
699028861737021440,2/14/16,Skyline #365daydraw https://t.co/wOjSF2jDeZ,https://twitter.com/scottpdawson/status/699028861737021440/photo/1,
699373452411727872,2/15/16,We have spades in spades #365daydraw https://t.co/9JmqEYggAE,https://twitter.com/scottpdawson/status/699373452411727872/photo/1,
699628454925324288,2/16/16,This should not be happening #365daydraw https://t.co/CAo9hVq6Zr,https://twitter.com/scottpdawson/status/699628454925324288/photo/1,
700003940247580672,2/17/16,"No idea where, from the recesses of my brain, this came from, but there it is. Caption contest, anyone? #365daydraw https://t.co/kOhTUhwYWW",https://twitter.com/scottpdawson/status/700003940247580672/photo/1,
700429870887620608,2/18/16,"Don't bug me, please #365daydraw https://t.co/Ll9eCv8Yzx",https://twitter.com/scottpdawson/status/700429870887620608/photo/1,
700722250639503361,2/19/16,Ours is not to reason ... #365daydraw https://t.co/crxu15HeEc,https://twitter.com/scottpdawson/status/700722250639503361/photo/1,
701101531219812352,2/20/16,"During this heated political season, may I just say the steaks could not be higher? #365daydraw #Election2016 https://t.co/9j4aaPgpcH",https://twitter.com/scottpdawson/status/701101531219812352/photo/1,
701423669004869632,2/21/16,Which way? #365daydraw https://t.co/Kr7NsuZgJ3,https://twitter.com/scottpdawson/status/701423669004869632/photo/1,
701825225441148929,2/22/16,"So, what's in this, anyway? #365DayDraw https://t.co/K2tGX58cml",https://twitter.com/scottpdawson/status/701825225441148929/photo/1,
702135442745896960,2/23/16,"It's an abstract notion, after all #365DayDraw https://t.co/zvvIvPxO71",https://twitter.com/scottpdawson/status/702135442745896960/photo/1,
702574253334462464,2/24/16,"Dude, I didn't move it, cut it, or put it on a cracker with a dollop of hummus. Wasn't me. #365DayDraw https://t.co/A4g2Jtr0uT",https://twitter.com/scottpdawson/status/702574253334462464/photo/1,
702912985337999360,2/25/16,Those at work will understand the metaphor #365DayDraw https://t.co/SH0F8PqcLI,https://twitter.com/scottpdawson/status/702912985337999360/photo/1,
703293692912771072,2/26/16,ðŸŽ¶ Dashing through the (lake effect) snow ... #365DayDraw https://t.co/TqmDjHdJLO,https://twitter.com/scottpdawson/status/703293692912771072/photo/1,
703679876142911488,2/27/16,Break the cycle #365daydraw https://t.co/hM3oEJkoDR,https://twitter.com/scottpdawson/status/703679876142911488/photo/1,
704000563336372225,2/28/16,Are you always #1 in your own book? You should be. #365daydraw https://t.co/JMtUsD9Y3q,https://twitter.com/scottpdawson/status/704000563336372225/photo/1,
704286718405382144,2/29/16,Happiness is running through a few giant slalom gates on a bluebird day #365DayDraw https://t.co/UROPU4iPRF,https://twitter.com/scottpdawson/status/704286718405382144/photo/1,
704783750937354241,3/1/16,"Is the carpet magic, or does it just seem that way sometimes? #365daydraw https://t.co/eVuaXdNoot",https://twitter.com/scottpdawson/status/704783750937354241/photo/1,
705034956557258752,3/2/16,Will someone please send me a link? #365DayDraw https://t.co/zxvM3eID1L,https://twitter.com/scottpdawson/status/705034956557258752/photo/1,
705507181769134081,3/3/16,No bull #365daydraw https://t.co/opkRbG8hj4,https://twitter.com/scottpdawson/status/705507181769134081/photo/1,
705812163957370880,3/4/16,Intersections #365DayDraw https://t.co/fUJXWZuuC4,https://twitter.com/scottpdawson/status/705812163957370880/photo/1,
706255989196992514,3/5/16,Feed me #365daydraw https://t.co/gvMzMt4NhO,https://twitter.com/scottpdawson/status/706255989196992514/photo/1,
706524548984922113,3/6/16,Manipulative #365DayDraw https://t.co/7ZznXUfr6W,https://twitter.com/scottpdawson/status/706524548984922113/photo/1,
706945296983416834,3/7/16,Mixed metaphor #365DayDraw https://t.co/MXOEaCbREv,https://twitter.com/scottpdawson/status/706945296983416834/photo/1,
707306788572545029,3/8/16,"Smug sun is stealing winter before its time, IMSO (in my skier's opinion) #365daydraw https://t.co/RV7SYtSwxL",https://twitter.com/scottpdawson/status/707306788572545029/photo/1,
707587191480958976,3/9/16,Brain bucket achieves enlightenment #365DayDraw https://t.co/cqW6NDQaQO,https://twitter.com/scottpdawson/status/707587191480958976/photo/1,
707987297879269376,3/10/16,I'm just going to set this here and see who freaks out #365DayDraw https://t.co/fmMRh73gaH,https://twitter.com/scottpdawson/status/707987297879269376/photo/1,
708310260763598850,3/11/16,Specialization #365DayDraw https://t.co/ITAlS5Keet,https://twitter.com/scottpdawson/status/708310260763598850/photo/1,
708761102797168640,3/12/16,Tie fighter #365daydraw https://t.co/S7LOmmxLIT,https://twitter.com/scottpdawson/status/708761102797168640/photo/1,
709097273863438336,3/13/16,Home #365daydraw https://t.co/FcP4KWKWPE https://t.co/K2kpDABkdS,"http://scottpdawson.com/365-day-draw-sketching-each-day-in-2016/,https://twitter.com/scottpdawson/status/709097273863438336/photo/1",
709320148579037185,3/14/16,La fenÃªtre #365daydraw https://t.co/FcP4KWKWPE https://t.co/63bMKMjLjG,"http://scottpdawson.com/365-day-draw-sketching-each-day-in-2016/,https://twitter.com/scottpdawson/status/709320148579037185/photo/1",
709848585630654464,3/15/16,And the molar of the story is to not let  the strawberry seeds fester #365daydraw https://t.co/FcP4KWKWPE https://t.co/lsu0QWxKLl,"http://scottpdawson.com/365-day-draw-sketching-each-day-in-2016/,https://twitter.com/scottpdawson/status/709848585630654464/photo/1",
710153033850560512,3/16/16,Peer inside the clover and you will see #365daydraw https://t.co/FcP4KWKWPE https://t.co/1O84VBRJQi,"http://scottpdawson.com/365-day-draw-sketching-each-day-in-2016/,https://twitter.com/scottpdawson/status/710153033850560512/photo/1",
710597544548524032,3/17/16,"We'll just call this little guy ""whiskers"", shall we? #365DayDraw https://t.co/FcP4KWKWPE https://t.co/tbUNg4Gb8k","http://scottpdawson.com/365-day-draw-sketching-each-day-in-2016/,https://twitter.com/scottpdawson/status/710597544548524032/photo/1",
710916132333457408,3/18/16,"Complex, yet melodious #365daydraw https://t.co/FcP4KWKWPE https://t.co/mK473nCLCv","http://scottpdawson.com/365-day-draw-sketching-each-day-in-2016/,https://twitter.com/scottpdawson/status/710916132333457408/photo/1",
711221512187940864,3/19/16,Revival #365DayDraw https://t.co/FcP4KWKWPE https://t.co/2yg73umD53,"http://scottpdawson.com/365-day-draw-sketching-each-day-in-2016/,https://twitter.com/scottpdawson/status/711221512187940864/photo/1",
711552642539986944,3/20/16,Prometheus' gift #365daydraw https://t.co/FcP4KWtlY6 https://t.co/n46NvZEvcE,"http://scottpdawson.com/365-day-draw-sketching-each-day-in-2016/,https://twitter.com/scottpdawson/status/711552642539986944/photo/1",
711929661165441024,3/21/16,"Sometimes, rolling back cannot help you #365DayDraw https://t.co/FcP4KWKWPE https://t.co/fIzrDI81rZ","http://scottpdawson.com/365-day-draw-sketching-each-day-in-2016/,https://twitter.com/scottpdawson/status/711929661165441024/photo/1",
712287131092168705,3/22/16,Pebbly zenith #365daydraw https://t.co/FcP4KWKWPE https://t.co/f361Rvizfa,"http://scottpdawson.com/365-day-draw-sketching-each-day-in-2016/,https://twitter.com/scottpdawson/status/712287131092168705/photo/1",
712671172169752576,3/23/16,A deserted island and a cold bucket of beer. What could go wrong? #365DayDraw https://t.co/FcP4KWtlY6 https://t.co/f1MT1bAAEb,"http://scottpdawson.com/365-day-draw-sketching-each-day-in-2016/,https://twitter.com/scottpdawson/status/712671172169752576/photo/1",
713002124951433216,3/24/16,Crystalline #365DayDraw https://t.co/FcP4KWKWPE https://t.co/B63HTYh6TP,"http://scottpdawson.com/365-day-draw-sketching-each-day-in-2016/,https://twitter.com/scottpdawson/status/713002124951433216/photo/1",
713444282464608256,3/25/16,Adrift #365DayDraw https://t.co/FcP4KWtlY6 https://t.co/aBf8OfU9Ga,"http://scottpdawson.com/365-day-draw-sketching-each-day-in-2016/,https://twitter.com/scottpdawson/status/713444282464608256/photo/1",
713866290356752384,3/26/16,Incoming #365daydraw https://t.co/FcP4KWtlY6 https://t.co/wwkhUMBFC8,"http://scottpdawson.com/365-day-draw-sketching-each-day-in-2016/,https://twitter.com/scottpdawson/status/713866290356752384/photo/1",
714259324999221249,3/27/16,We believe it's all connected somehow #365daydraw https://t.co/FcP4KWtlY6 https://t.co/8NVn5ZY9ID,"http://scottpdawson.com/365-day-draw-sketching-each-day-in-2016/,https://twitter.com/scottpdawson/status/714259324999221249/photo/1",
714515376982396928,3/28/16,"Winter is mostly back in the box, but not before the @Syracusehalf this weekend! https://t.co/a9E0RvCS9c #365daydraw https://t.co/AuIABfIn9x","http://scottpdawson.com/365-day-draw-sketching-each-day-in-2016,https://twitter.com/scottpdawson/status/714515376982396928/photo/1",
714921648252665856,3/29/16,A Bell for Ursli #365daydraw https://t.co/a9E0RvCS9c #swiss https://t.co/O5YnPhZSW6,"http://scottpdawson.com/365-day-draw-sketching-each-day-in-2016,https://twitter.com/scottpdawson/status/714921648252665856/photo/1",
715168948958978048,3/30/16,Potential #365DayDraw https://t.co/a9E0RvCS9c https://t.co/KoDFzkP7yN,"http://scottpdawson.com/365-day-draw-sketching-each-day-in-2016,https://twitter.com/scottpdawson/status/715168948958978048/photo/1",
715475750275579904,3/31/16,"As sure as the sun will rise, there will be another day. No joke. #AprilFools #365daydraw  https://t.co/FcP4KWKWPE https://t.co/KHJNeFGgZH","http://scottpdawson.com/365-day-draw-sketching-each-day-in-2016/,https://twitter.com/scottpdawson/status/715475750275579904/photo/1",
715906448417488896,4/1/16,Down periscope #365daydraw https://t.co/a9E0RvCS9c https://t.co/evDBw62xkF,"http://scottpdawson.com/365-day-draw-sketching-each-day-in-2016,https://twitter.com/scottpdawson/status/715906448417488896/photo/1",
716289667256156161,4/2/16,Has anyone ever actually successfully changed a fuse in a string of lights? #365DayDraw https://t.co/FcP4KWtlY6 https://t.co/bi51YXV7gh,"http://scottpdawson.com/365-day-draw-sketching-each-day-in-2016/,https://twitter.com/scottpdawson/status/716289667256156161/photo/1",
716585959945543684,4/3/16,Job posting: full stack development. Turned out I'd be flipping pancakes @IHOP. #365daydraw https://t.co/a9E0RvCS9c https://t.co/LBUQCk8xf2,"http://scottpdawson.com/365-day-draw-sketching-each-day-in-2016,https://twitter.com/scottpdawson/status/716585959945543684/photo/1",
717034263405797376,4/4/16,"Three sticks, two lashings #365DayDraw https://t.co/ZfYFtH6Qc2",https://twitter.com/scottpdawson/status/717034263405797376/photo/1,
717374412983570432,4/5/16,"You know, some things are a massive waste of time #365DayDraw https://t.co/KwwMsvWswb",https://twitter.com/scottpdawson/status/717374412983570432/photo/1,
717719742136655874,4/6/16,My next pair of running shoes will have integrated wings and a 2-stage rocket booster #365daydraw #WishfulThinking https://t.co/gFLdiZGiLa,https://twitter.com/scottpdawson/status/717719742136655874/photo/1,
718159973176459265,4/7/16,Now that's what I call a growth opportunity #365DayDraw https://t.co/AWv1W1uw7Z,https://twitter.com/scottpdawson/status/718159973176459265/photo/1,
718510969262096384,4/8/16,Smart cookie #365DayDraw https://t.co/MKOD1fMXSe,https://twitter.com/scottpdawson/status/718510969262096384/photo/1,
718768704717238272,4/9/16,Movement study #365daydraw https://t.co/K0dDf6KkWr,https://twitter.com/scottpdawson/status/718768704717238272/photo/1,
719140054183059456,4/10/16,Probably the only skunk cabbage I'll see today #365DayDraw #NeverendingWinter https://t.co/6uPcGuCXAD,https://twitter.com/scottpdawson/status/719140054183059456/photo/1,
719592418539126784,4/11/16,Someone must adjust these rabbit ears. Will you do it? #365DayDraw https://t.co/YR86aTX3iu,https://twitter.com/scottpdawson/status/719592418539126784/photo/1,
720003443541323776,4/12/16,I made @Skirt_Runner a very special birthday cake. And I didn't eat any of it! #365DayDraw https://t.co/Fz5qLalyZ1,https://twitter.com/scottpdawson/status/720003443541323776/photo/1,
720403801421848576,4/13/16,"Special request from my family: a lowly toe, and the age-old question, should one wax toe hair? #365DayDraw #gross https://t.co/XEPmYKxvch",https://twitter.com/scottpdawson/status/720403801421848576/photo/1,
720715438070632448,4/14/16,Impulsive #365DayDraw https://t.co/KbDVezVQQW,https://twitter.com/scottpdawson/status/720715438070632448/photo/1,
721035522823581696,4/15/16,"You may fear the crossing, but what lies past the chasm, beyond the horizon? #365DayDraw https://t.co/eq3CGV8QKK",https://twitter.com/scottpdawson/status/721035522823581696/photo/1,
721449488234188800,4/16/16,Mixed message #365DayDraw https://t.co/h8iERVHLdb,https://twitter.com/scottpdawson/status/721449488234188800/photo/1,
721714001655308288,4/17/16,He wasn't an armchair commentator until they let him out of the bag #365DayDraw https://t.co/CLO5TlpYKW,https://twitter.com/scottpdawson/status/721714001655308288/photo/1,
722147151011278849,4/18/16,Don't bug me #365daydraw https://t.co/ZKChUyCdaQ,https://twitter.com/scottpdawson/status/722147151011278849/photo/1,
722422777509244929,4/19/16,"Very meta, and retro. Taking a picture of a camera with my smart phone #365DayDraw https://t.co/N938zfsv8k",https://twitter.com/scottpdawson/status/722422777509244929/photo/1,
722854422326456320,4/20/16,"It was a very chill affair, to be sure #365DayDraw https://t.co/apNFg5J71E",https://twitter.com/scottpdawson/status/722854422326456320/photo/1,
723271351029633028,4/21/16,The first step in establishing a solid at-home yoga routine is to unroll your mat #365DayDraw https://t.co/7OgoixIcgE,https://twitter.com/scottpdawson/status/723271351029633028/photo/1,
723646262709489664,4/22/16,"They wanted me to do a hatchet job, but were befuddled when I arrived in my work boots and coveralls #365DayDraw https://t.co/30hDKDK360",https://twitter.com/scottpdawson/status/723646262709489664/photo/1,
724014923039268864,4/23/16,Pre-race pasta dinners are undeniably a necessary part of the experience! #365DayDraw https://t.co/p7B9T2kRex,https://twitter.com/scottpdawson/status/724014923039268864/photo/1,
724320452127154176,4/24/16,Strength in the cemetery #365DayDraw https://t.co/DEvjLwPNUk,https://twitter.com/scottpdawson/status/724320452127154176/photo/1,
724656218166439936,4/25/16,"We didn't start the fire, no we didn't light it, but we tried to fight it #365DayDraw https://t.co/AaxirOanUe",https://twitter.com/scottpdawson/status/724656218166439936/photo/1,
724975052656136192,4/26/16,Labyrinthine #365DayDraw https://t.co/YacM1dSqPF,https://twitter.com/scottpdawson/status/724975052656136192/photo/1,
725334033929015296,4/27/16,The simplest object can be imbued with such significant meaning #365DayDraw https://t.co/oZHXuuEPlP,https://twitter.com/scottpdawson/status/725334033929015296/photo/1,
725690617918021636,4/28/16,"Precarious pizza (or is it pie, downstaters?) #365DayDraw https://t.co/mQuCHAQcRF",https://twitter.com/scottpdawson/status/725690617918021636/photo/1,
726052158022520837,4/29/16,"When the kids were younger we used to assign an elevator ""up pusher"" and ""down pusher"" when at a hotel #365DayDraw https://t.co/DyjkotNvRM",https://twitter.com/scottpdawson/status/726052158022520837/photo/1,
726360359448285184,4/30/16,"Sad, true: prior boss told my colleague to ""shut up and eat your banana"" in meeting. He quit soon after. #365DayDraw https://t.co/8yDNJvrpi7",https://twitter.com/scottpdawson/status/726360359448285184/photo/1,
726764671542394880,5/1/16,Sure is a rainy day for golfing  #365DayDraw https://t.co/gywG0hkhn3,https://twitter.com/scottpdawson/status/726764671542394880/photo/1,
727184021667586049,5/2/16,"Close your eyes, breathe deeply and imagine that you are in a field of flowers. Happy, office dwellers? #365DayDraw https://t.co/UiHxGgM806",https://twitter.com/scottpdawson/status/727184021667586049/photo/1,
727573968861995008,5/3/16,Might not be a good idea. Next bottle? #365DayDraw https://t.co/o7VlUifEVn,https://twitter.com/scottpdawson/status/727573968861995008/photo/1,
727886520380690432,5/4/16,Undulating keys #365DayDraw https://t.co/XiK2OtiFAT,https://twitter.com/scottpdawson/status/727886520380690432/photo/1,
728328242369794048,5/5/16,"Yet the king, despite his notoriety, cannot move but one space in any direction #365DayDraw https://t.co/vPxiwZseWG",https://twitter.com/scottpdawson/status/728328242369794048/photo/1,
728591479933968385,5/6/16,"So I'm chewing @OrbitGum, and this comes out as part of my #365DayDraw. Wonder where that came from? #orbit https://t.co/cPW6rvwqjM",https://twitter.com/scottpdawson/status/728591479933968385/photo/1,
728985181709840384,5/7/16,"Why yes, I do take requests, even if they're a bit under water. #365DayDraw https://t.co/KZEHIYo8CB",https://twitter.com/scottpdawson/status/728985181709840384/photo/1,
729365050167799808,5/8/16,"I've been thinking lately about scales, and the beautiful thing is that typically they are relative #365DayDraw https://t.co/ob35mfilTr",https://twitter.com/scottpdawson/status/729365050167799808/photo/1,
729658286384021504,5/9/16,"If you ever find yourself in the deep end of a pool, remember, some pools aren't that deep after all #365DayDraw https://t.co/mCDrbVzf0a",https://twitter.com/scottpdawson/status/729658286384021504/photo/1,
730170824326533121,5/10/16,Of course it is raining nickels and dimes on May 10 #365DayDraw https://t.co/R2sDzTWzYk,https://twitter.com/scottpdawson/status/730170824326533121/photo/1,
730404286484590593,5/11/16,"Come and get it, birds. It's my gumball machine-inspired birdfeeder! #365DayDraw https://t.co/sMIFCYYYmu",https://twitter.com/scottpdawson/status/730404286484590593/photo/1,
730887307331551232,5/12/16,"I'm so sorry, sir. As I told you, you can choose any color you like, but we are out of the blue. #365DayDraw https://t.co/xizSMc0CL5",https://twitter.com/scottpdawson/status/730887307331551232/photo/1,
731128393111064576,5/13/16,"Lollipop, lollipop, oh lolli, lolli, lolli, lollipop lollipop ... #365DayDraw https://t.co/7Z9qRLzOZA",https://twitter.com/scottpdawson/status/731128393111064576/photo/1,
731666080343658496,5/14/16,"One might aspire to have many, many clams #365DayDraw https://t.co/2QjP09jXmp",https://twitter.com/scottpdawson/status/731666080343658496/photo/1,
732003187385716736,5/15/16,The beginning #365DayDraw https://t.co/Wb9t5seHnx,https://twitter.com/scottpdawson/status/732003187385716736/photo/1,
732172445105426432,5/16/16,"My rabbit asked for a picture of his pig, so, of course I obliged #365DayDraw https://t.co/mlUSRJ9DvZ",https://twitter.com/scottpdawson/status/732172445105426432/photo/1,
732664511895900164,5/17/16,"Well, it started off as a simple square, but then the requirements kept evolving #365DayDraw https://t.co/20tF1jp5mm",https://twitter.com/scottpdawson/status/732664511895900164/photo/1,
732941971837341696,5/18/16,Do you ever wake up feeling moderately crabby? #365DayDraw https://t.co/S2bp0sKVK5,https://twitter.com/scottpdawson/status/732941971837341696/photo/1,
733396750099173376,5/19/16,Long pole in the tent? Please. There are two! #365DayDraw https://t.co/B4SqvxUuv7,https://twitter.com/scottpdawson/status/733396750099173376/photo/1,
733787665372450817,5/20/16,Weed or flower? I think that depends on your point of view. #365DayDraw https://t.co/5P1ohhl9T3,https://twitter.com/scottpdawson/status/733787665372450817/photo/1,
734130052976250880,5/21/16,Prepare for takeoff #365DayDraw https://t.co/io56g7Yttx,https://twitter.com/scottpdawson/status/734130052976250880/photo/1,
734404980367589376,5/22/16,These pool goggles made quite an impression #365DayDraw https://t.co/IGDTrTRrGQ,https://twitter.com/scottpdawson/status/734404980367589376/photo/1,
734751627899490304,5/23/16,"Margarita time? I think it's less a function of time, and more a function of temperature #365DayDraw https://t.co/rQjku9gxub",https://twitter.com/scottpdawson/status/734751627899490304/photo/1,
735177311608266752,5/24/16,Whistle while you work #365DayDraw https://t.co/5ZjelujPqq,https://twitter.com/scottpdawson/status/735177311608266752/photo/1,
735551766058536962,5/25/16,"Seriously, all I'm looking for is a simple HTML table #365DayDraw https://t.co/78BEETIFpG",https://twitter.com/scottpdawson/status/735551766058536962/photo/1,
735891942010159105,5/26/16,Uncaged #365DayDraw https://t.co/gwiYToL8XI,https://twitter.com/scottpdawson/status/735891942010159105/photo/1,
736330309826908160,5/27/16,Who? #365DayDraw https://t.co/SVCLbhS2ON,https://twitter.com/scottpdawson/status/736330309826908160/photo/1,
736729761846857729,5/28/16,Obelisk #365DayDraw https://t.co/d4UYBtJAVf,https://twitter.com/scottpdawson/status/736729761846857729/photo/1,
737089139301076993,5/29/16,It just came out of my brain this way today #365DayDraw https://t.co/8B1EATR0DW,https://twitter.com/scottpdawson/status/737089139301076993/photo/1,
737423561057546240,5/30/16,"I think I would love a sweet, succulent dessert. Yes. #365DayDraw https://t.co/59cdkguISn",https://twitter.com/scottpdawson/status/737423561057546240/photo/1,
737643861825228800,5/31/16,"So grateful for @BostonsRTR volunteers, esp one who gave me race-saving strawberry banana @GUEnergyLabs #365DayDraw https://t.co/T2cet7dTPl",https://twitter.com/scottpdawson/status/737643861825228800/photo/1,
738061088693080064,6/1/16,I think finish lines are largely start lines in disguise #365DayDraw https://t.co/7uCdD8UH3Q,https://twitter.com/scottpdawson/status/738061088693080064/photo/1,
738374643803955200,6/2/16,"His legs swung around furiously, but they could not match the cadence of the bike #365DayDraw https://t.co/8hEyrBACpB",https://twitter.com/scottpdawson/status/738374643803955200/photo/1,
738791191911796737,6/3/16,One of my favorite Swiss memories is taking the train to myriad weekend destinations #365DayDraw https://t.co/LGol42rrPD,https://twitter.com/scottpdawson/status/738791191911796737/photo/1,
739164401341763585,6/4/16,"Optimism surely is a virtue for gardeners, right? C'mon, tomatoes! #365DayDraw https://t.co/9evYbhYc6I",https://twitter.com/scottpdawson/status/739164401341763585/photo/1,
739499162044104705,6/5/16,"Don't make me put a lock on that door, mister #365DayDraw https://t.co/qLHHGx0vsc",https://twitter.com/scottpdawson/status/739499162044104705/photo/1,
739880803165966336,6/6/16,"Well, she's not real easy on the eyes, but give 'er a chance to play and you'll see #365DayDraw https://t.co/2qZuEVjaak",https://twitter.com/scottpdawson/status/739880803165966336/photo/1,
740246481576308736,6/7/16,'Tis the season for free stuff by the road. I can hardly wait for the zucchini #365DayDraw https://t.co/Q4KDnejwhs,https://twitter.com/scottpdawson/status/740246481576308736/photo/1,
740610849807736832,6/8/16,"It was the toppiest of top hats, clearly big enough for several rabbits #365DayDraw https://t.co/gVLpQOz0GG",https://twitter.com/scottpdawson/status/740610849807736832/photo/1,
740993400061710336,6/9/16,"It's either for a big party or part of a balanced post-ultra meal. Yeah, I'm going with ultra. #365DayDraw https://t.co/1aUZ5pYqVa",https://twitter.com/scottpdawson/status/740993400061710336/photo/1,
741371719638749185,6/10/16,"These stars are definitely not aligned. Heck, some of them aren't even real stars! #365DayDraw https://t.co/BKnOcxUrPs",https://twitter.com/scottpdawson/status/741371719638749185/photo/1,
741709414927896576,6/11/16,"One benefit of bounce house ownership is the extreme portability. Plus, the market is not overinflated. #365DayDraw https://t.co/FNujrlWARB",https://twitter.com/scottpdawson/status/741709414927896576/photo/1,
742046940255375360,6/12/16,"When I was younger, all I wanted was a Kicker in my car. How priorities have changed! #365DayDraw @KICKERaudio https://t.co/VE4XKV6pOv",https://twitter.com/scottpdawson/status/742046940255375360/photo/1,
742362672331644929,6/13/16,The designer did not intend for you to remove the stickers #365DayDraw https://t.co/VQuNNXXyyE,https://twitter.com/scottpdawson/status/742362672331644929/photo/1,
742722530839040000,6/14/16,Cultivate this #365DayDraw https://t.co/YEmyojTN3Q,https://twitter.com/scottpdawson/status/742722530839040000/photo/1,
743156545689620480,6/15/16,"I don't know about you, but I'm ready for some open water swimming #365DayDraw https://t.co/7CodeNT9b9",https://twitter.com/scottpdawson/status/743156545689620480/photo/1,
743516259665469440,6/16/16,"Today, I fancy myself an escape artist #365DayDraw https://t.co/isZaKQlkyu",https://twitter.com/scottpdawson/status/743516259665469440/photo/1,
743966251358257156,6/17/16,"It's a bridge, that much is certain, but does it get me over the troubled water? #365DayDraw https://t.co/WsN3uzEqIM",https://twitter.com/scottpdawson/status/743966251358257156/photo/1,
744310538906251264,6/18/16,"Something bright from the other room was cutting into the darkness of mine, but I'm not sure what it was #365DayDraw https://t.co/6Bx0fFdw5T",https://twitter.com/scottpdawson/status/744310538906251264/photo/1,
744670409061179398,6/19/16,Did you know cornhole is also known as dadhole? #365DayDraw #HappyFathersDay https://t.co/CIKceOtVLu https://t.co/feuaQDZg3Q,"https://en.m.wikipedia.org/wiki/Cornhole,https://twitter.com/scottpdawson/status/744670409061179398/photo/1",
744981293436284928,6/20/16,Do you wanna see some magic? #365DayDraw https://t.co/uv42mPGqPk,https://twitter.com/scottpdawson/status/744981293436284928/photo/1,
745391554513211392,6/21/16,"The anesthesiologist, having tired of the banal banter, asked me to start counting backwards from 100 #365DayDraw https://t.co/ln4U2tDACb",https://twitter.com/scottpdawson/status/745391554513211392/photo/1,
745736968303157248,6/22/16,"Okay, let's see if we can mix things up a bit #365DayDraw https://t.co/f8opM73dho",https://twitter.com/scottpdawson/status/745736968303157248/photo/1,
746068447692468224,6/23/16,"Almost exclusively, his work revolved around the operation of the windmill #365DayDraw https://t.co/3P0Yr0Uclo",https://twitter.com/scottpdawson/status/746068447692468224/photo/1,
746348013463937025,6/24/16,Please make your way in an orderly fashion to the emergency #Brexit. Keep calm and not call your broker. #365DayDraw https://t.co/CJXyT7Tjfw,https://twitter.com/scottpdawson/status/746348013463937025/photo/1,
746661860741648385,6/25/16,"After loading her berth with ice, food and whiskey, we will take Lila Jane on a long Atlantic journey #365DayDraw https://t.co/0lFAeKblwL",https://twitter.com/scottpdawson/status/746661860741648385/photo/1,
747216265161351168,6/26/16,Fantastic tortillas of just the right thickness from my favorite Mexican joint right here in Ithaca #365DayDraw https://t.co/gZ8zpy7MTu,https://twitter.com/scottpdawson/status/747216265161351168/photo/1,
747524074851696640,6/27/16,"As I approached the ornately carved mahogany lectern to begin my speech, I realized my notes were gone #365DayDraw https://t.co/zqnu2jQ2mt",https://twitter.com/scottpdawson/status/747524074851696640/photo/1,
747863294719983617,6/28/16,There's nothing like freshly squeezed orange juice for breakfast #365DayDraw https://t.co/nY8Owsa8GD,https://twitter.com/scottpdawson/status/747863294719983617/photo/1,
748219539117203456,6/29/16,"As if on cue, the moonrise lent the lake's glassy surface a florid vibrancy to complement our first kiss #365DayDraw https://t.co/HPrD4Yq351",https://twitter.com/scottpdawson/status/748219539117203456/photo/1,
748593847693877248,6/30/16,Music in need of an instrumentalist. Apply within #365DayDraw https://t.co/ScjnPyE4o0,https://twitter.com/scottpdawson/status/748593847693877248/photo/1,
748963473552465920,7/1/16,Optimist or pessimist? Half full or half empty? Half drunk or ... #365DayDraw https://t.co/zARx8KCmhr,https://twitter.com/scottpdawson/status/748963473552465920/photo/1,
749308110636978176,7/2/16,"I completed my shaky climb to the top of the high dive, but then really panicked looking down #365DayDraw https://t.co/CddaJv8ONN",https://twitter.com/scottpdawson/status/749308110636978176/photo/1,
749644671580864513,7/3/16,"He threw his pack on his bunk, hopeful that the week would fly by, little knowing he'd have a blast #365DayDraw https://t.co/NMqPM8kQjk",https://twitter.com/scottpdawson/status/749644671580864513/photo/1,
750029381012193281,7/4/16,"If rain makes corn, and corn makes whiskey, I do not like the direction we are headed #365DayDraw https://t.co/pfigNYV1RD",https://twitter.com/scottpdawson/status/750029381012193281/photo/1,
750408938991054848,7/5/16,"As we approached the lip of the falls,  after having lost our paddles, I wondered who would feed my pets #365DayDraw https://t.co/jhbbSvgTyB",https://twitter.com/scottpdawson/status/750408938991054848/photo/1,
750776602963894272,7/6/16,"I'm sorry, plants, but unless we get some rain soon, this'll have to do #365DayDraw https://t.co/adUlWg4Wrd",https://twitter.com/scottpdawson/status/750776602963894272/photo/1,
751168034354634752,7/7/16,"Pause to look at the details, like a butterfly's wings. There's form, and there's function #365DayDraw https://t.co/RkNg77MUoT",https://twitter.com/scottpdawson/status/751168034354634752/photo/1,
751490058105065473,7/8/16,"We are bound together
In our desire to see the world become
A place in which our children ...
#365DayDraw https://t.co/p0Ae6iEPcJ",https://twitter.com/scottpdawson/status/751490058105065473/photo/1,
751943311636762624,7/9/16,Gah-lic #365DayDraw https://t.co/kUOEfIRyOj,https://twitter.com/scottpdawson/status/751943311636762624/photo/1,
752214811925176323,7/10/16,"Spread out a blanket at a summer concert, top with vino and victuals: you've got yourself a fine evening #365DayDraw https://t.co/s1jZBFqa9p",https://twitter.com/scottpdawson/status/752214811925176323/photo/1,
752648044320026628,7/11/16,Party hat makers would gain more traction w/ accessories mkt if they made chin straps more comfortable #365DayDraw https://t.co/naBd6Aa3fy,https://twitter.com/scottpdawson/status/752648044320026628/photo/1,
752936418255708160,7/12/16,It's really a question of *what* bait to use #365DayDraw https://t.co/QpjeKe2Bj3,https://twitter.com/scottpdawson/status/752936418255708160/photo/1,
753244875336867840,7/13/16,"Um, your turn #365DayDraw https://t.co/r8Ggq0NKOz",https://twitter.com/scottpdawson/status/753244875336867840/photo/1,
753707792729595905,7/14/16,What's that they say about vinyl? #365DayDraw https://t.co/fNxGg1oUHE,https://twitter.com/scottpdawson/status/753707792729595905/photo/1,
754014870325063680,7/15/16,Now there's a pair of cucumber slices that are easy on the eyes #365DayDraw https://t.co/HpgyJxwHQl,https://twitter.com/scottpdawson/status/754014870325063680/photo/1,
754368904265342976,7/16/16,"Better enjoy it, 'cause in this heat it's not going to last #365DayDraw https://t.co/flQEX9cGBX",https://twitter.com/scottpdawson/status/754368904265342976/photo/1,
754667197511925761,7/17/16,"Of course I made my bed, just in my own special way. Put away my clothes, too #365DayDraw https://t.co/taoGnSrdoa",https://twitter.com/scottpdawson/status/754667197511925761/photo/1,
755115637249376256,7/18/16,"Sometimes you're the bag. Sometimes you're the glove. Sometimes, you just can't do anything but watch  #365DayDraw https://t.co/u8SeoXkaUS",https://twitter.com/scottpdawson/status/755115637249376256/photo/1,
755407511872761856,7/19/16,"Somebody seems to be missing a wing, which seems to make him seem a little less threatening #365DayDraw #buzzoff https://t.co/kJXwcW5NZL",https://twitter.com/scottpdawson/status/755407511872761856/photo/1,
755816333221236736,7/20/16,"Elementary, my dear Watson #365DayDraw https://t.co/D7rVlG8KU8",https://twitter.com/scottpdawson/status/755816333221236736/photo/1,
756210823924682752,7/21/16,"It was a beautiful brownstone in a good  neighborhood, but they didn't know why they weren't happy yet #365DayDraw https://t.co/DFHIywltP8",https://twitter.com/scottpdawson/status/756210823924682752/photo/1,
756576335192002560,7/22/16,Amplify this. #365DayDraw https://t.co/rnoAt7qdpx,https://twitter.com/scottpdawson/status/756576335192002560/photo/1,
756918404657840128,7/23/16,"No bull. Not even close. Typical after a few beers, sure, but he was stone cold sober. #365DayDraw https://t.co/1PZe1YbuYM",https://twitter.com/scottpdawson/status/756918404657840128/photo/1,
757360197300027392,7/24/16,"The dance circle was complete, save for the brave souls that would step into it first #365DayDraw https://t.co/qC5KNFo6FD",https://twitter.com/scottpdawson/status/757360197300027392/photo/1,
757681043147223040,7/25/16,"The banana told his buddies, ""it's too hot, so I'm gonna split"" #365DayDraw https://t.co/7icnbxX6de",https://twitter.com/scottpdawson/status/757681043147223040/photo/1,
757961735953346565,7/26/16,So confused after I left the lecture! I didn't understand what my relatives had to do with any of it #365DayDraw https://t.co/O4KBwPoUHK,https://twitter.com/scottpdawson/status/757961735953346565/photo/1,
758312521824628737,7/27/16,"The house looked sturdy enough, was certainly priced appropriately, and was seemingly vacant #365DayDraw https://t.co/HcOg2w7MWV",https://twitter.com/scottpdawson/status/758312521824628737/photo/1,
758725820374511617,7/28/16,"The labyrinth was fabled to be impossible, but the kids felt they knew better than the local lore #365DayDraw https://t.co/mfpZYYooPO",https://twitter.com/scottpdawson/status/758725820374511617/photo/1,
759134642477858817,7/29/16,"Try as he might, he never could contort his face to give the impression he was outwardly happy #365DayDraw https://t.co/mNnAAX0kYk",https://twitter.com/scottpdawson/status/759134642477858817/photo/1,
759445251174068224,7/30/16,"As he stared at the flashing cursor, he reminded himself: all works of writing begin with a single word #365DayDraw https://t.co/RqapVa8wY5",https://twitter.com/scottpdawson/status/759445251174068224/photo/1,
759798576893616128,7/31/16,"Taking flight with blanco, reposado and aÃ±ejo #365DayDraw https://t.co/50PB1qK6wP",https://twitter.com/scottpdawson/status/759798576893616128/photo/1,
760226289781440512,8/1/16,Most of all he wanted to be on the podium. Just once. #365DayDraw https://t.co/dHCaIGqBsO,https://twitter.com/scottpdawson/status/760226289781440512/photo/1,
760541549767917568,8/2/16,"Life is like a box of chocolates, and it doesn't much matter the shape of the box #365DayDraw https://t.co/0GPauaOjOk",https://twitter.com/scottpdawson/status/760541549767917568/photo/1,
760857426996432896,8/3/16,"She said gerberas were her favorite, so I planted as many as could fit in the garden #365DayDraw https://t.co/lB7C4ny2ag",https://twitter.com/scottpdawson/status/760857426996432896/photo/1,
761286502697533440,8/4/16,Some of you are destined for greatness. Some will be forgotten. And some of you will end up on the floor #365DayDraw https://t.co/AF3aC3YztE,https://twitter.com/scottpdawson/status/761286502697533440/photo/1,
761589520726945792,8/5/16,The carpenter never carefully considered the supporting role his furniture would have in people's lives #365DayDraw https://t.co/SUKKyA5r8q,https://twitter.com/scottpdawson/status/761589520726945792/photo/1,
761970001926582272,8/6/16,There's nothing sweeter than picking cherry tomatoes from my own garden #365DayDraw https://t.co/ZfKI4c6M2T,https://twitter.com/scottpdawson/status/761970001926582272/photo/1,
762391138145857538,8/7/16,"It was serendipity. He was on a desolate stretch of highway, and was hungry. The sign said simply, ""EAT"" #365DayDraw https://t.co/J8cDFiOIkI",https://twitter.com/scottpdawson/status/762391138145857538/photo/1,
762693164658491392,8/8/16,"Fear not, kids. She's clearly a vegetarian #365DayDraw https://t.co/7NOlYom9Ul",https://twitter.com/scottpdawson/status/762693164658491392/photo/1,
763107176969867264,8/9/16,"Shake, rattle and roll #365DayDraw https://t.co/Oga8SJAxrA",https://twitter.com/scottpdawson/status/763107176969867264/photo/1,
763461447343017985,8/10/16,"All I knew was that when they told me to push the button, I pushed the button. Same deal with the lever. #365DayDraw https://t.co/wpYtz0yBeK",https://twitter.com/scottpdawson/status/763461447343017985/photo/1,
763862933994700800,8/11/16,If I wear one of these will it make me feel like a kid again? #365DayDraw https://t.co/UoDbOHnatb,https://twitter.com/scottpdawson/status/763862933994700800/photo/1,
764184302808686592,8/12/16,"Submariners prefer hoagies to pita pockets two to one, according to a recent undersea poll #365DayDraw https://t.co/9uG13tNRMp",https://twitter.com/scottpdawson/status/764184302808686592/photo/1,
764582213589565440,8/13/16,"The tunnel entrance had clearly been shrouded by thick vines in the past, but now it was ours to explore #365DayDraw https://t.co/kiNZPi5ftY",https://twitter.com/scottpdawson/status/764582213589565440/photo/1,
764820952706351104,8/14/16,Follow me as I play this little melody #365DayDraw https://t.co/g128bphBIC,https://twitter.com/scottpdawson/status/764820952706351104/photo/1,
765330307503550464,8/15/16,"Step right up, test your strength #365DayDraw https://t.co/NQGFZQjXwL",https://twitter.com/scottpdawson/status/765330307503550464/photo/1,
765676935578062848,8/16/16,"The frail maÃ®tre d' held the tray aloft, knowing he'd never get rid of the last hors d'oeuvre #365DayDraw https://t.co/wIG99PWRVg",https://twitter.com/scottpdawson/status/765676935578062848/photo/1,
766028818565988352,8/17/16,They told me I shouldn't do anything until the S&amp;P moved. It hasn't done anything yet #365DayDraw https://t.co/scQKqCRjmW,https://twitter.com/scottpdawson/status/766028818565988352/photo/1,
766293190714482688,8/18/16,"In my next life I would like to be Phil Stein, from Bavaria #365DayDraw https://t.co/bboELQ1OrB",https://twitter.com/scottpdawson/status/766293190714482688/photo/1,
766645262668468224,8/19/16,"I know why Monet painted water lilies, 'cause they're awesome #365DayDraw https://t.co/JMtNEJu4sZ",https://twitter.com/scottpdawson/status/766645262668468224/photo/1,
767017659414249472,8/20/16,"When I said ""dig deep,"" I didn't mean literally.

Oh, sorry coach. My bad.

#365DayDraw https://t.co/GhHLpIrFZJ",https://twitter.com/scottpdawson/status/767017659414249472/photo/1,
767447300641808384,8/21/16,"Okay, yes. Very creepy. I ran a race called Lucifer's Crossing and am glad he wasn't on the trail #365DayDraw https://t.co/RxEoCHADCL",https://twitter.com/scottpdawson/status/767447300641808384/photo/1,
767813772861931521,8/22/16,"Unlucky in life to get a shopping cart with a bum wheel, it figures my morgue cart had the same problem #365DayDraw https://t.co/1BpkPT5xCa",https://twitter.com/scottpdawson/status/767813772861931521/photo/1,
768184576065712128,8/23/16,"I thought cabana designers made a mistake with a Roman-inspired design, but the board really liked it #365DayDraw https://t.co/RNdwe0eFKJ",https://twitter.com/scottpdawson/status/768184576065712128/photo/1,
768547539415076865,8/24/16,"Simple gifts, like a partially-used bucket of balls at the driving range #365DayDraw https://t.co/wrRXQkgocj",https://twitter.com/scottpdawson/status/768547539415076865/photo/1,
768871384223248388,8/25/16,Temptation #365DayDraw https://t.co/QeOk4TVSVV,https://twitter.com/scottpdawson/status/768871384223248388/photo/1,
769262073511632896,8/26/16,No one mourns the Wicked! #365DayDraw https://t.co/0WkQ8VyV73,https://twitter.com/scottpdawson/status/769262073511632896/photo/1,
769696954028818432,8/27/16,Seahorsin' around #365DayDraw https://t.co/dRjf2ELYWT,https://twitter.com/scottpdawson/status/769696954028818432/photo/1,
769866255151005696,8/28/16,"The geometry of the top of @OneWTC is elegant, simple and beautiful #365DayDraw https://t.co/XbMxIVLRh8",https://twitter.com/scottpdawson/status/769866255151005696/photo/1,
770447403187068928,8/29/16,"In reality it was a perch that brushed up against my leg when I dove in, but in my mind ... #365DayDraw https://t.co/TWuj4XWDLR",https://twitter.com/scottpdawson/status/770447403187068928/photo/1,
770724342036566016,8/30/16,"Whenever I'm faced with a troubleshooting task, I always, ALWAYS, check the flux capacitor first #365DayDraw https://t.co/2CIpATS4Fg",https://twitter.com/scottpdawson/status/770724342036566016/photo/1,
770996728287883264,8/31/16,The wheels on the bus go 'round and 'round ... #365DayDraw https://t.co/PxpTMJOZiU,https://twitter.com/scottpdawson/status/770996728287883264/photo/1,
771353448633733121,9/1/16,"Pick a card, any card #365DayDraw https://t.co/fEIsD6jT8e",https://twitter.com/scottpdawson/status/771353448633733121/photo/1,
771794689393582080,9/2/16,"As we soared over the treetops, I couldn't help but wonder how someone being ""full of hot air"" was bad? #365DayDraw https://t.co/IgXfjvOBKo",https://twitter.com/scottpdawson/status/771794689393582080/photo/1,
772167500658278400,9/3/16,"I read about the colloquialism ""seeing the elephant."" See the elephant lately? #365DayDraw https://t.co/w7ZBA4ltzA https://t.co/7VvUjw1YwS","https://en.m.wikipedia.org/wiki/Seeing_the_elephant,https://twitter.com/scottpdawson/status/772167500658278400/photo/1",
772490186748035074,9/4/16,"We've been strangers for years, but that all changed when I asked about her expression of sadness #365DayDraw #S140 https://t.co/93Ylnslwep",https://twitter.com/scottpdawson/status/772490186748035074/photo/1,
772895972611555329,9/5/16,"Reading @SimonBooks ""Oregon Trail"" by Rinker Buck, inspired today's #365DayDraw https://t.co/MIeGAE9CNh https://t.co/SKcSmXlgkK","https://www.amazon.com/dp/1451659164/ref=cm_sw_r_cp_api_8ADZxb20YT015,https://twitter.com/scottpdawson/status/772895972611555329/photo/1",
773260300535623682,9/6/16,Gonna seal the deal with my pizza wheel on the pizza peel for a real meal that'll make the family squeal #365DayDraw https://t.co/8dUQFcgOba,https://twitter.com/scottpdawson/status/773260300535623682/photo/1,
773672207969026048,9/7/16,I wonder if the designers of illustrated beehives considered their likeness to poo emoji or softserve? #365DayDraw https://t.co/z7KHraYZB8,https://twitter.com/scottpdawson/status/773672207969026048/photo/1,
773969620675993600,9/8/16,"I could have chosen to be a drummer. But I chose trumpet, an easier instrument to neglect in the corner. #365DayDraw https://t.co/Rj5Omj26QU",https://twitter.com/scottpdawson/status/773969620675993600/photo/1,
774331669419585536,9/9/16,Whatever Happened to New Dads Passing Out Cigars? https://t.co/wCsk4iCdhZ via @thedailybeast #365DayDraw https://t.co/N1hlj1d1cs,"http://thebea.st/1TH19Wq,https://twitter.com/scottpdawson/status/774331669419585536/photo/1",
774732260817993728,9/10/16,"I heard the train a comin', comin' 'round the bend, and then I realized it was an abstract notion #365DayDraw https://t.co/0qmq6YWvEk",https://twitter.com/scottpdawson/status/774732260817993728/photo/1,
775033209830641664,9/11/16,The helmet of a hero @FDNY #365DayDraw #NeverForget https://t.co/14AOmlFGGe,https://twitter.com/scottpdawson/status/775033209830641664/photo/1,
775511867468943360,9/12/16,"It'd be cool to see skeumorphism  come full circle. Like a pushpin-shaped hotel called ""You're here"" #365DayDraw https://t.co/vO1hudp8XD",https://twitter.com/scottpdawson/status/775511867468943360/photo/1,
775780148910120960,9/13/16,"Confession time, fellow athletes: what's in the jar when you grab a spoon and help yourself? #365DayDraw https://t.co/5o40GU4fXY",https://twitter.com/scottpdawson/status/775780148910120960/photo/1,
776144472195334145,9/14/16,"As the campfire's flames licked the autumn air, I wondered why campfires make me so contemplative #365DayDraw https://t.co/nrCCEPD4OL",https://twitter.com/scottpdawson/status/776144472195334145/photo/1,
776428360960475136,9/15/16,"As far as I know, there's no master key for unlocking the secrets of the human heart #365DayDraw https://t.co/oGlmM6YcAc",https://twitter.com/scottpdawson/status/776428360960475136/photo/1,
776843017512689668,9/16/16,Two little symbols that mean so much. Happy place coming soon! #skitheeast #365DayDraw â›·â›·â›·ðŸ» https://t.co/H8RKPqi7Vh,https://twitter.com/scottpdawson/status/776843017512689668/photo/1,
777242433914560513,9/17/16,Whose bright idea was it to use a lightbulb as a metaphor for a bright idea? #365DayDraw https://t.co/1i8P4JyUg6,https://twitter.com/scottpdawson/status/777242433914560513/photo/1,
777553091197603840,9/18/16,I made one innocuous observation about her plumage and the odd bird got her feathers ruffled #365DayDraw https://t.co/KcZfua9POG,https://twitter.com/scottpdawson/status/777553091197603840/photo/1,
777865619370864640,9/19/16,Went to research American outhouse's crescent moon; came away w/ so much more #365DayDraw https://t.co/fpnKJr8VRN https://t.co/0HzAZdvgK8,"https://en.m.wikipedia.org/wiki/Outhouse,https://twitter.com/scottpdawson/status/777865619370864640/photo/1",
778304127126401024,9/20/16,"Around these parts, we affectionately call my white rabbit named Snowball ""Snowman"". Here is a #365DayDraw of the other, less cuddly kind https://t.co/bi26hH3vFn",https://twitter.com/scottpdawson/status/778304127126401024/photo/1,
778749695115956225,9/21/16,It seemed ungrateful to question the emergence of an igloo in the middle of our desperate bid to survive the storm #365DayDraw https://t.co/5XO2nfV6TH,https://twitter.com/scottpdawson/status/778749695115956225/photo/1,
779033630651904000,9/22/16,Romantic tables for two used to be a bit longer #365DayDraw https://t.co/ENO33H6ZA6,https://twitter.com/scottpdawson/status/779033630651904000/photo/1,
779403242430234624,9/23/16,"The poor tree didn't choose where it was planted, but it stood up proud and tall when the time came, just like any other tree #365DayDraw https://t.co/jIJw6kSr0O",https://twitter.com/scottpdawson/status/779403242430234624/photo/1,
779775280139337729,9/24/16,"A few sandwiches short of a picnic, or a few beers shy of a six pack. I like the 2nd one lately. Any other euphemisms you like? #365DayDraw https://t.co/3KHoOuoux0",https://twitter.com/scottpdawson/status/779775280139337729/photo/1,
780070901068988416,9/25/16,Sometimes what we show on the surface belies the complexity and wonder of what lies beneath #365DayDraw https://t.co/b2hLlgKfEG,https://twitter.com/scottpdawson/status/780070901068988416/photo/1,
780532808506810368,9/26/16,I find it ironic that my favorite yoga pose is named for an animal in a state of asphyxiation on the beach #365DayDraw #FishPose https://t.co/3W8IAgmv8Y,https://twitter.com/scottpdawson/status/780532808506810368/photo/1,
780830225059971073,9/27/16,I do believe that pumpkins are maturing earlier than normal here in New York State #365DayDraw https://t.co/EDeAz2K8g3,https://twitter.com/scottpdawson/status/780830225059971073/photo/1,
781143418042974209,9/28/16,"I'm not sure what inspired this #365DayDraw, but I'll tell you my calves are tight. https://t.co/Kg7ZdKZZ1D",https://twitter.com/scottpdawson/status/781143418042974209/photo/1,
781550926029094912,9/29/16,"When each day breaks anew, we are treated with a fresh, blank canvas. What we do with it is up to us #365DayDraw https://t.co/iilMlz5m0O",https://twitter.com/scottpdawson/status/781550926029094912/photo/1,
781907623893434368,9/30/16,Did someone call for a cab? #365DayDraw https://t.co/2huMGF1U9j,https://twitter.com/scottpdawson/status/781907623893434368/photo/1,
782353688429993984,10/1/16,Rack 'em up #365DayDraw https://t.co/WtfPC8jrk2,https://twitter.com/scottpdawson/status/782353688429993984/photo/1,
782683410905100294,10/2/16,So a barrel is used for aging whiskey for years. How do you think it feels when it is halved and used for a planter? #365DayDraw https://t.co/Cr1QN4jWsB,https://twitter.com/scottpdawson/status/782683410905100294/photo/1,
783064357693452289,10/3/16,Wood + canvas + rope = shelter #365DayDraw https://t.co/edGBPg5buB,https://twitter.com/scottpdawson/status/783064357693452289/photo/1,
783476260668379136,10/4/16,"I think sometimes if we analyze things under a microscope, they reveal pretty nasty things #365DayDraw https://t.co/792HQ635F5",https://twitter.com/scottpdawson/status/783476260668379136/photo/1,
783795331452534784,10/5/16,"There it was, peeking out from the rain-soaked gutter. The glint of weathered metal revealed a key unlike any I'd ever seen #365DayDraw https://t.co/JgUv7AbwZI",https://twitter.com/scottpdawson/status/783795331452534784/photo/1,
784119946968240129,10/6/16,"Congratulations, you've won a prize! #365DayDraw https://t.co/Qv2BPp8Obv",https://twitter.com/scottpdawson/status/784119946968240129/photo/1,
784410257216770048,10/7/16,"DÅmo arigatÅ, Mr. Roboto #365DayDraw https://t.co/3mtZHCsX2e",https://twitter.com/scottpdawson/status/784410257216770048/photo/1,
784768463269203968,10/8/16,"When he sang, it was as if the notes were unbound from the traditions and notions of any music I'd ever known #365DayDraw https://t.co/2rT4qE9JdE",https://twitter.com/scottpdawson/status/784768463269203968/photo/1,
785215796809269249,10/9/16,"The chalet we chose for a weekend getaway was quaint, with everything appointed as you'd expect. Perfect. #365DayDraw https://t.co/MQVjnHASs5",https://twitter.com/scottpdawson/status/785215796809269249/photo/1,
785635043062509573,10/10/16,I love coming across cairns while hiking. They show the way. Where are the cairns in real life? #365DayDraw https://t.co/7To7PiAMQ3 https://t.co/65xh1dTxd5,"https://en.m.wikipedia.org/wiki/Cairn,https://twitter.com/scottpdawson/status/785635043062509573/photo/1",
785981279569383424,10/11/16,"We paid an exorbitant fee for the room, but the only thing that I cherished was the weathered Adirondack chair on the beach #365DayDraw https://t.co/kwmgdB9vR2",https://twitter.com/scottpdawson/status/785981279569383424/photo/1,
786144807521554434,10/12/16,"Back before things were so damned virtual, treasures were obvious. Where are the treasures in your life? #365DayDraw https://t.co/c7Gn5vXx8E",https://twitter.com/scottpdawson/status/786144807521554434/photo/1,
786610034977497088,10/13/16,I'm going to level with you: if you have an uneven shed you'll need Jack's help to fix it #365DayDraw https://t.co/SClAOWjh4Y,https://twitter.com/scottpdawson/status/786610034977497088/photo/1,
787071470224703489,10/14/16,"When Madison showed off her new garden, I noticed all the raised beds were square. It was Madison's square garden. #365DayDraw https://t.co/a9MEK0ZHcr",https://twitter.com/scottpdawson/status/787071470224703489/photo/1,
787355238760054784,10/15/16,"If you have ever run an #ultra, you know what a welcome sign this can be. Angels on the trail, I call them #365DayDraw https://t.co/jWqyIsI8tM",https://twitter.com/scottpdawson/status/787355238760054784/photo/1,
787677909901307904,10/16/16,"Going through storage to prepare for a sale, I found this gem from early adulthood. My number one fan. #365DayDraw https://t.co/uXAjELC7h7",https://twitter.com/scottpdawson/status/787677909901307904/photo/1,
788145408417603584,10/17/16,"Ode to thick-sliced bacon: 

""Oh, thick-sliced bacon, how I love thee."" 

Actually, that's it. Pure poetry. #365DayDraw https://t.co/HLm0Ogz7fT",https://twitter.com/scottpdawson/status/788145408417603584/photo/1,
788520380487139329,10/18/16,"When #Election2016 is over, our nation is going to need first aid. This box contains compassion, love, understanding, acceptance #365DayDraw https://t.co/K7QJ61e1A3",https://twitter.com/scottpdawson/status/788520380487139329/photo/1,
788758636923326466,10/19/16,"Ironically, they served soup at the first annual meeting of the Society of Fork Enthusiasts #365DayDraw https://t.co/AY3ZkOHiN6",https://twitter.com/scottpdawson/status/788758636923326466/photo/1,
789111747655401473,10/20/16,"The word in my head was ""bizarre"" because of #debatenight so I drew this bazaar with a happy person instead #365DayDraw https://t.co/5cmVTyODQD",https://twitter.com/scottpdawson/status/789111747655401473/photo/1,
789579207072423936,10/21/16,"Instead of Mr. Potato Head, what if that veggie was an eggplant? Mr. Eggplant Head would be a cool customer, I think. #365DayDraw ðŸ† https://t.co/5iWPpZQTfj",https://twitter.com/scottpdawson/status/789579207072423936/photo/1,
789907231366057985,10/22/16,The gold mine in this particular slice of cake was the narrow ribbons of marzipan between each layer. Oh. So. Good. #365DayDraw https://t.co/AgYQHGa6Oc,https://twitter.com/scottpdawson/status/789907231366057985/photo/1,
790272761390391300,10/23/16,"The apple, feeling bruised by his premature fall from the tree, headed to the nearest bar stool and proceeded to get sauced #365DayDraw ðŸŽ https://t.co/X8ivJ0NcwV",https://twitter.com/scottpdawson/status/790272761390391300/photo/1,
790688728343777281,10/24/16,It is important to have balance in one's life #365DayDraw âš–ï¸ https://t.co/N8nMwSpGBM,https://twitter.com/scottpdawson/status/790688728343777281/photo/1,
791028311673696257,10/25/16,"How many memories of yours feature a big red barn? I can count at least 3, one being @BigRedBarnCU @CornellAlumni #365DayDraw https://t.co/iGvBlaA0CX",https://twitter.com/scottpdawson/status/791028311673696257/photo/1,
791388932642594817,10/26/16,"It once held treasures: postcards from afar, acceptance letters, monies owed, and party invitations. Sadly it now only held junk #365DayDraw https://t.co/Geei7EjCVq",https://twitter.com/scottpdawson/status/791388932642594817/photo/1,
791664330249043968,10/27/16,"We ran aground on a shoal, our ship subsequently demolished by the waves. Would the looming castle in the distance hold help? #365DayDraw https://t.co/xghPYIPJRg",https://twitter.com/scottpdawson/status/791664330249043968/photo/1,
792084030552408064,10/28/16,Very special #365DayDraw crown for all the drama queens https://t.co/r1bdGKpyYh,https://twitter.com/scottpdawson/status/792084030552408064/photo/1,
792443969259077632,10/29/16,"The first step was a bit TOO easy: procure a Pestomatic 5000 on the cheap. Now, how best to get a steady bulk basil supply? #365DayDraw ðŸŒ¿ https://t.co/8hEotLOCyi",https://twitter.com/scottpdawson/status/792443969259077632/photo/1,
792806184982028290,10/30/16,"Raining. She may end up back in the palatial foyer, or inverted, discarded in the gutter. Once again at the mercy of the wind #365DayDraw â˜”ï¸ https://t.co/acmFrh2BhD",https://twitter.com/scottpdawson/status/792806184982028290/photo/1,
793168796370567168,10/31/16,"Okay kids: have fun, be safe, stay with your group and remember, Daddy loves @SNICKERS #365DayDraw #halloween ðŸŽƒ https://t.co/bwTmVHYYGw",https://twitter.com/scottpdawson/status/793168796370567168/photo/1,
793606283458912256,11/1/16,"Broken windows can be repaired easily enough, but the stress while they're in their broken state is palpable enough #365DayDraw https://t.co/2YkRdJrxVJ",https://twitter.com/scottpdawson/status/793606283458912256/photo/1,
793783515745771520,11/2/16,"If ignored long enough, even the shrillest of whistling teakettles will eventually run out of steam #365DayDraw https://t.co/5bEHnfhXGi",https://twitter.com/scottpdawson/status/793783515745771520/photo/1,
794237061545033728,11/3/16,"You certainly hope you never need it, but it's so nice just to know that it's there #365DayDraw https://t.co/VLUrVeCny1",https://twitter.com/scottpdawson/status/794237061545033728/photo/1,
794615506548510721,11/4/16,"It would be cool for a race to have a large purse. Winners can reach in and grab a surprise prize, you know? Large purse! ðŸ‘› #365DayDraw https://t.co/ynIQXWoVeL",https://twitter.com/scottpdawson/status/794615506548510721/photo/1,
794945400788647936,11/5/16,"Wait, it just tells time? What about Bluetooth integration? Can it talk to my sleep tracker? What about music? No? I'll pass. #365DayDraw https://t.co/b9aY9H5PmF",https://twitter.com/scottpdawson/status/794945400788647936/photo/1,
795327935997771776,11/6/16,"This chili's been chopped, and is all ready to be pressed into spicy service  #365DayDraw https://t.co/y0MD82saxh",https://twitter.com/scottpdawson/status/795327935997771776/photo/1,
795766003305222144,11/7/16,"Once we cleared the vine-choked wall and carefully removed layers of dirt and moss, the window continued to tell a story of hope #365DayDraw https://t.co/3s2kKZpDeB",https://twitter.com/scottpdawson/status/795766003305222144/photo/1,
795970692994961409,11/8/16,"Let's form two orderly lines, folks. Bad hombres to the right; nasty women to the left. #ElectionDay #Elections2016 #365DayDraw https://t.co/Xhejudks0g",https://twitter.com/scottpdawson/status/795970692994961409/photo/1,
796454344111640577,11/9/16,Peace is hard. Peace takes work. Peace can be rough around the edges. But peace is worth it. #365DayDraw https://t.co/nzLOKcR9NV,https://twitter.com/scottpdawson/status/796454344111640577/photo/1,
796833235175088129,11/10/16,We might need to add a few more decades to this rosary #365DayDraw https://t.co/KqTrxTskEh,https://twitter.com/scottpdawson/status/796833235175088129/photo/1,
797174193460834304,11/11/16,"""Well, I see what your problem is. This one here, it's obviously becoming unhinged."" #365DayDraw https://t.co/TELbAVBKw0",https://twitter.com/scottpdawson/status/797174193460834304/photo/1,
797398955617382400,11/12/16,Re-hinging device. #365DayDraw https://t.co/bW8PJuQIdb,https://twitter.com/scottpdawson/status/797398955617382400/photo/1,
797870222954950658,11/13/16,"Today's requirements are attainable: get served a perfect pint. Heck, I'll settle for an imperfect pint if the timing's right #365DayDraw ðŸ» https://t.co/qqfZQoiZnq",https://twitter.com/scottpdawson/status/797870222954950658/photo/1,
798266344009515008,11/14/16,"With the storm over, we pulled out our battered compasses to chart a course. Oddly, the needles pointed in different directions #365DayDraw https://t.co/BrTWzfDTIF",https://twitter.com/scottpdawson/status/798266344009515008/photo/1,
798568727830740992,11/15/16,"Tattered map in hand, I started my journey with a step on narrow wooded singletrack. I vowed to explore beyond the map's borders #365DayDraw https://t.co/WFCMd2gKeX",https://twitter.com/scottpdawson/status/798568727830740992/photo/1,
799004000897171456,11/16/16,"With snow in the weekend's forecast, my mind turns toward head-clearing pursuits, like skiing downhill on the edge of control #365DayDraw https://t.co/g1SYWQlEmF",https://twitter.com/scottpdawson/status/799004000897171456/photo/1,
799372912369238016,11/17/16,"House Building 101:

1. Build a solid foundation
2. Assemble the wall
3. Assemble your friends
4. Raise the wall
5. Iterate

#365DayDraw https://t.co/RVBJ5Q2M0N",https://twitter.com/scottpdawson/status/799372912369238016/photo/1,
799705382050533377,11/18/16,"Despite adornment of filigree and glitter, her eyes were still human eyes, giving a window into her human soul, with human fears #365DayDraw https://t.co/d8apGdw43T",https://twitter.com/scottpdawson/status/799705382050533377/photo/1,
800107688550080512,11/19/16,"The butterflies were the worst tonight. When I approached the mic, though, they evaporated. I was home, and comfortably so. #365DayDraw https://t.co/cSUX3QZpcZ",https://twitter.com/scottpdawson/status/800107688550080512/photo/1,
800434380384641025,11/20/16,Nobody liked to be lied to early in the morning. Nobody. #365DayDraw https://t.co/3mx186PufM,https://twitter.com/scottpdawson/status/800434380384641025/photo/1,
800844923557842944,11/21/16,"Wait, you don't think it's obvious? I think the affordance is rather clear. No, I don't think we need a user guide and FAQ #365DayDraw https://t.co/oZJ17OhJhc",https://twitter.com/scottpdawson/status/800844923557842944/photo/1,
801164428062363649,11/22/16,"See, it's this brand new thing. And it's going to be amazing. You're going to love it. #365DayDraw https://t.co/JvfOi1ppfO",https://twitter.com/scottpdawson/status/801164428062363649/photo/1,
801531972447244288,11/23/16,Tom was rather chill about the whole thing until a recipe for #turducken came up in his twitter feed #365DayDraw https://t.co/5ye7ZIj0jj,https://twitter.com/scottpdawson/status/801531972447244288/photo/1,
801862905067175936,11/24/16,"As I approached the start wand, I carefully slid my skis underneath, knowing that what happened next was up to me #365DayDraw #fisalpine https://t.co/8Rni0Dqiep",https://twitter.com/scottpdawson/status/801862905067175936/photo/1,
802335162453237761,11/25/16,"Two all-beef patties, special sauce, lettuce, cheese, pickles, onions on a locally-sourced whole grain artisanal handcrafted bun #365DayDraw https://t.co/gYw13ArUtA",https://twitter.com/scottpdawson/status/802335162453237761/photo/1,
802671757593190400,11/26/16,Have you ever been in a queue like this? I have. #365DayDraw https://t.co/NAFQMp6tsw,https://twitter.com/scottpdawson/status/802671757593190400/photo/1,
803071618549313537,11/27/16,My kingdom for a quart of diesel antifreeze #365DayDraw https://t.co/luHaZciV1R,https://twitter.com/scottpdawson/status/803071618549313537/photo/1,
803414321350975488,11/28/16,"Okay, pumpkin spice. Time to step down and let every gingerbread man, woman and child take center stage #365DayDraw https://t.co/qPfZF5e1UP",https://twitter.com/scottpdawson/status/803414321350975488/photo/1,
803736580221452289,11/29/16,I think it takes a special level of culinary desperation to want to eat the last slice of a convenience store pizza #365DayDraw ðŸ• https://t.co/gQ7IqSxcgH,https://twitter.com/scottpdawson/status/803736580221452289/photo/1,
804089590227357696,11/30/16,"""Mom, I tried my best. I'm sorry. I put it on the ride board. I did! I don't know why nobody wants me to come with them"" #365DayDraw https://t.co/4yvCdnvcgu",https://twitter.com/scottpdawson/status/804089590227357696/photo/1,
804435928542486528,12/1/16,"If Amelia Bedelia was helping me with the tasks I have when I'm on production support, she'd be in the woods looking at the logs #365DayDraw https://t.co/SdhFJvy0nT",https://twitter.com/scottpdawson/status/804435928542486528/photo/1,
804774564458889216,12/2/16,"We stocked up on canned tuna in case of emergency. Now that it was all that was left after days of no power, it tasted SO good #365DayDraw https://t.co/lUGBh8EstO",https://twitter.com/scottpdawson/status/804774564458889216/photo/1,
805132417732411394,12/3/16,"Every scarf wearer remembers when they accepted scarves fully as a fashion accessory. Thank you, @CUBigRedHockey scarf night! #365DayDraw https://t.co/pkeTDSb4Sw",https://twitter.com/scottpdawson/status/805132417732411394/photo/1,
805509524404797440,12/4/16,"What says ""Sweet 16"" better than a bowl full of ice cream?! My kids are growing up so quickly #365DayDraw https://t.co/ocShvmkSEY",https://twitter.com/scottpdawson/status/805509524404797440/photo/1,
805908310671114240,12/5/16,"I don't want to work
I want to bang on the drum all day
I don't want to play
I just want to bang on the drum all day
#365DayDraw https://t.co/CPcHQsoQQA",https://twitter.com/scottpdawson/status/805908310671114240/photo/1,
806221261986787336,12/6/16,"One of my favorite things about hiking mountains is coming across old fire lookouts. Dilapidated, yet beautiful. #365DayDraw #PNW ðŸ”¥ðŸ”­ https://t.co/enXHxImkVs",https://twitter.com/scottpdawson/status/806221261986787336/photo/1,
806534250031939584,12/7/16,My favorite part of the day was @portlandrockgym when I chose a new route and the world faded away. Just me and the wall. #365DayDraw https://t.co/bm23Ppp4xv,https://twitter.com/scottpdawson/status/806534250031939584/photo/1,
806975438367113216,12/8/16,"I would like to rent a lake house and have a comedy hour of really groan-worthy jokes. I shall call the show ""Cottage Cheese"" #365DayDraw https://t.co/oou2JEjxNz",https://twitter.com/scottpdawson/status/806975438367113216/photo/1,
807310345538797569,12/9/16,"It was premiere night for the child star, but all she could be impressed by were the huge searchlights in the sky #365DayDraw https://t.co/1ftGrheu1b",https://twitter.com/scottpdawson/status/807310345538797569/photo/1,
807605288937385984,12/10/16,"I bought the knives, sure, but when I saw a whisk next on the materials list I thought I may have signed up for the wrong CIA #365DayDraw https://t.co/QXMZBymx2b",https://twitter.com/scottpdawson/status/807605288937385984/photo/1,
808045599283089408,12/11/16,"Bred in captivity and released, Paul was sad to ditch his hat &amp; scarf. Now he learned he'd have to catch his own fish, too #365DayDraw https://t.co/hn8qgPzqAm",https://twitter.com/scottpdawson/status/808045599283089408/photo/1,
808338295734288384,12/12/16,Months of planning had led me to this moment. One pack. One trail. The first step. #365DayDraw https://t.co/hEvxzyYs2z,https://twitter.com/scottpdawson/status/808338295734288384/photo/1,
808809338697551872,12/13/16,I cast my line into the pond. Ripples ensued. This small action had a subtle but discernible effect at the shoreline. Hmm. #365DayDraw https://t.co/TqyyJOabXe,https://twitter.com/scottpdawson/status/808809338697551872/photo/1,
809144440388546560,12/14/16,Daughter now driving with her permit. I'm happy to say I've felt no urge to use panic button on the fob. Is that what it's for? #365DayDraw https://t.co/qt3PYvSsM4,https://twitter.com/scottpdawson/status/809144440388546560/photo/1,
809508606752227328,12/15/16,I believe this single tool is the most effective vehicle for stoking up a crowd. Who knew t-shirt cannons were so expensive? #365DayDraw https://t.co/VnbWVXCuSD,https://twitter.com/scottpdawson/status/809508606752227328/photo/1,
809857900982206464,12/16/16,When a special someone changes their mind so darn much you just have to dedicate a pair of #365DayDraw flip-flops to them. https://t.co/IBSweNXZnh,https://twitter.com/scottpdawson/status/809857900982206464/photo/1,
810176335666696192,12/17/16,"Move over bacon, now there's something ... METEOR!! #365DayDraw   â˜„ï¸ðŸŒ• https://t.co/rHt7i48CTZ",https://twitter.com/scottpdawson/status/810176335666696192/photo/1,
810541409686188032,12/18/16,"It was Grant's first social function since his wife died. True, he wasn't ready, but he also didn't want to let Gary down. #365DayDraw https://t.co/AANokd6Gqd",https://twitter.com/scottpdawson/status/810541409686188032/photo/1,
810988087060889600,12/19/16,"I hope when conditions are right, sometime in 2017, we can have my favorite ice cream fusion: peach mint. PEACH MINT. Yes. #365DayDraw https://t.co/YF70dWw1Tx",https://twitter.com/scottpdawson/status/810988087060889600/photo/1,
811348041047351296,12/20/16,There's nothing like a trail run on snow and ice to fire up those stabilizer muscles #365DayDraw https://t.co/PYsoyqFumY,https://twitter.com/scottpdawson/status/811348041047351296/photo/1,
811718865054994435,12/21/16,"Tompkins County's experiment with curbside composting is coming to an end this month, but we'll continue composting! #365DayDraw #habits https://t.co/sdvzxbrkbN",https://twitter.com/scottpdawson/status/811718865054994435/photo/1,
812096320336961536,12/22/16,"I closed my eyes, breathed deeply, and thought of happy childhood memories. They all seemed to revolve around the tire swing. #365DayDraw https://t.co/iYqTPNhSUy",https://twitter.com/scottpdawson/status/812096320336961536/photo/1,
812389969348194305,12/23/16,"I didn't know there was a new Santa emoji. Well, color me inspired #365DayDraw ðŸŽ… https://t.co/qiVrN3JORG",https://twitter.com/scottpdawson/status/812389969348194305/photo/1,
812753050045677568,12/24/16,"The skiers were nestled all snug in their beds, while visions of @Sugarbush_VT danced in their heads
#365DayDraw https://t.co/N3bmCrgISf",https://twitter.com/scottpdawson/status/812753050045677568/photo/1,
813153211234349056,12/25/16,"Taking stock of our glassware, 2017 might have a few more martinis to help even out our wine glass usage. Yes, @Skirt_Runner? #365DayDraw https://t.co/5rrbGQ0oKP",https://twitter.com/scottpdawson/status/813153211234349056/photo/1,
813489644310499328,12/26/16,"Do you ever feel like hanging a Do Not Disturb sign on the doorknob of life? Oh, why am I asking? Of course you do! #365DayDraw https://t.co/OKOw9VbMMJ",https://twitter.com/scottpdawson/status/813489644310499328/photo/1,
813801660283842560,12/27/16,Bzzzt buzz bizzit bizzitidy buzz bzzz zzzt zizzit #365DayDraw https://t.co/9zD5huJFnC,https://twitter.com/scottpdawson/status/813801660283842560/photo/1,
814174589366452224,12/28/16,"In my experience, gondola rides end with some pretty fantastic things #365DayDraw https://t.co/o2q6fmfQDj",https://twitter.com/scottpdawson/status/814174589366452224/photo/1,
814532171969036288,12/29/16,One person's sunset is another's sunrise. We are all connected. #365DayDraw https://t.co/1CYnUpVjvN,https://twitter.com/scottpdawson/status/814532171969036288/photo/1,
814937872004448256,12/30/16,I seem to have stepped in some 2016. Will someone grab a stick and help me clean it off before we ring in the new year? #365DayDraw #HNY2017 https://t.co/GQr3iKWs5M,https://twitter.com/scottpdawson/status/814937872004448256/photo/1,
815162380812513280,12/31/16,"A fitting end to my #365DayDraw with a ride off into the sunset. Farewell, 2016. It's been real. #justdraw #sketch #create #jump #HNY2017 https://t.co/y6dDFx9xlu",https://twitter.com/scottpdawson/status/815162380812513280/photo/1,